{
  "ribcage_error_rmse": 4.402143136057545,
  "ribcage_error_mean": 3.3165575167956596,
  "ribcage_error_std": 2.894703858449905,
  "ribcage_inlier_rmse": 3.4467139190182148,
  "ribcage_inlier_mean": 2.6629056946224554,
  "ribcage_inlier_std": 2.188325867210183,
  "sternum_error": 0.0
}