{
  "ribcage_error_rmse": 4.626233181089496,
  "ribcage_error_mean": 3.4346307394462277,
  "ribcage_error_std": 3.0992491234917696,
  "ribcage_inlier_rmse": 3.3060163753514287,
  "ribcage_inlier_mean": 2.7446271974225738,
  "ribcage_inlier_std": 1.8430316929613846,
  "sternum_error": 0.0
}