{
  "ribcage_error_rmse": 7.314513354145262,
  "ribcage_error_mean": 5.075376212125346,
  "ribcage_error_std": 5.267130330014775,
  "ribcage_inlier_rmse": 3.7216959479555074,
  "ribcage_inlier_mean": 3.235629099742383,
  "ribcage_inlier_std": 1.8389467251469627,
  "sternum_error": 0.0
}