{
  "ribcage_error_rmse": 6.979945954715882,
  "ribcage_error_mean": 5.319191251789784,
  "ribcage_error_std": 4.519496648703001,
  "ribcage_inlier_rmse": 3.9531315435399255,
  "ribcage_inlier_mean": 3.5217717348565105,
  "ribcage_inlier_std": 1.7956538775878037,
  "sternum_error": 0.0
}