{
  "ribcage_error_rmse": 5.191149143085864,
  "ribcage_error_mean": 4.139331125680738,
  "ribcage_error_std": 3.132725212611493,
  "ribcage_inlier_rmse": 3.659825795977112,
  "ribcage_inlier_mean": 2.934286915406801,
  "ribcage_inlier_std": 2.1873008835027563,
  "sternum_error": 0.0
}