{
  "ribcage_error_rmse": 10.011004140766527,
  "ribcage_error_mean": 6.169845463747086,
  "ribcage_error_std": 7.883730770385557,
  "ribcage_inlier_rmse": 3.46031504116676,
  "ribcage_inlier_mean": 2.990587529802434,
  "ribcage_inlier_std": 1.7407373181255965,
  "sternum_error": 0.0
}