{
  "ribcage_error_rmse": 6.381382253102287,
  "ribcage_error_mean": 4.5972726335166385,
  "ribcage_error_std": 4.42573426600918,
  "ribcage_inlier_rmse": 3.8164199116957827,
  "ribcage_inlier_mean": 3.248726010128276,
  "ribcage_inlier_std": 2.00270822974892,
  "sternum_error": 0.0
}