{
  "ribcage_error_rmse": 6.27338799903026,
  "ribcage_error_mean": 4.796901906478225,
  "ribcage_error_std": 4.042910966865639,
  "ribcage_inlier_rmse": 3.998919364782521,
  "ribcage_inlier_mean": 3.3275475250340385,
  "ribcage_inlier_std": 2.217833076377139,
  "sternum_error": 0.0
}