{
  "ribcage_error_rmse": 8.848430077695813,
  "ribcage_error_mean": 6.063657352106949,
  "ribcage_error_std": 6.444127121349427,
  "ribcage_inlier_rmse": 3.9362641806930494,
  "ribcage_inlier_mean": 3.404326729111769,
  "ribcage_inlier_std": 1.9760402884714376,
  "sternum_error": 0.0
}