{
  "ribcage_error_rmse": 7.30295774093605,
  "ribcage_error_mean": 5.2786890210674375,
  "ribcage_error_std": 5.046645815267787,
  "ribcage_inlier_rmse": 3.8154048184011025,
  "ribcage_inlier_mean": 3.3532937746598677,
  "ribcage_inlier_std": 1.8200919727051506,
  "sternum_error": 0.0
}