{
  "ribcage_error_rmse": 6.348565099652647,
  "ribcage_error_mean": 4.507782617549816,
  "ribcage_error_std": 4.470366282246159,
  "ribcage_inlier_rmse": 3.722662579968417,
  "ribcage_inlier_mean": 3.2061903816640593,
  "ribcage_inlier_std": 1.8917082018170739,
  "sternum_error": 0.0
}