{
  "ribcage_error_rmse": 6.517370349681141,
  "ribcage_error_mean": 4.555509288277605,
  "ribcage_error_std": 4.660842348687558,
  "ribcage_inlier_rmse": 3.2135702852883052,
  "ribcage_inlier_mean": 2.904913965566902,
  "ribcage_inlier_std": 1.3742302686021493,
  "sternum_error": 0.0
}