{
  "ribcage_error_rmse": 6.5067223241009335,
  "ribcage_error_mean": 4.758444970592725,
  "ribcage_error_std": 4.437863998005599,
  "ribcage_inlier_rmse": 3.53373104221775,
  "ribcage_inlier_mean": 3.1408167679606747,
  "ribcage_inlier_std": 1.61942122649742,
  "sternum_error": 0.0
}