{
  "ribcage_error_rmse": 10.415031135964306,
  "ribcage_error_mean": 6.526420545480341,
  "ribcage_error_std": 8.116569991482734,
  "ribcage_inlier_rmse": 3.7561755058267057,
  "ribcage_inlier_mean": 3.1017889744911105,
  "ribcage_inlier_std": 2.1184332862513973,
  "sternum_error": 0.0
}