{
  "ribcage_error_rmse": 5.425899188197609,
  "ribcage_error_mean": 4.223500085620722,
  "ribcage_error_std": 3.4062338479977003,
  "ribcage_inlier_rmse": 3.251451372134007,
  "ribcage_inlier_mean": 2.7309851224787813,
  "ribcage_inlier_std": 1.7645555491827594,
  "sternum_error": 0.0
}