{
  "ribcage_error_rmse": 5.605429274962239,
  "ribcage_error_mean": 3.984644873659186,
  "ribcage_error_std": 3.94251729069452,
  "ribcage_inlier_rmse": 3.358766037646799,
  "ribcage_inlier_mean": 3.0298118275050325,
  "ribcage_inlier_std": 1.4496722338377708,
  "sternum_error": 0.0
}