{
  "ribcage_error_rmse": 5.400825034640854,
  "ribcage_error_mean": 4.081632613180212,
  "ribcage_error_std": 3.5368328015085835,
  "ribcage_inlier_rmse": 3.4501452182549395,
  "ribcage_inlier_mean": 2.994152241391683,
  "ribcage_inlier_std": 1.714221217467741,
  "sternum_error": 0.0
}