{
  "ribcage_error_rmse": 4.959849125371051,
  "ribcage_error_mean": 4.027344901652197,
  "ribcage_error_std": 2.8949259730742765,
  "ribcage_inlier_rmse": 3.6210590441272057,
  "ribcage_inlier_mean": 3.353744924069484,
  "ribcage_inlier_std": 1.3654536188877326,
  "sternum_error": 0.0
}