{
  "ribcage_error_rmse": 6.568168947616686,
  "ribcage_error_mean": 5.414303320968159,
  "ribcage_error_std": 3.718354861089678,
  "ribcage_inlier_rmse": 3.7975154873303003,
  "ribcage_inlier_mean": 3.2392475678715775,
  "ribcage_inlier_std": 1.9820189379901392,
  "sternum_error": 0.0
}