{
  "ribcage_error_rmse": 5.384258467932579,
  "ribcage_error_mean": 4.192229623893934,
  "ribcage_error_std": 3.3786757805462493,
  "ribcage_inlier_rmse": 3.582898154241388,
  "ribcage_inlier_mean": 3.06674253032774,
  "ribcage_inlier_std": 1.8526331089412589,
  "sternum_error": 0.0
}