{
  "ribcage_error_rmse": 7.214168647239084,
  "ribcage_error_mean": 4.947968331756333,
  "ribcage_error_std": 5.249937014740639,
  "ribcage_inlier_rmse": 3.6035766015640633,
  "ribcage_inlier_mean": 3.263920997625524,
  "ribcage_inlier_std": 1.527279949648791,
  "sternum_error": 0.0
}