{
  "ribcage_error_rmse": 9.035690066335349,
  "ribcage_error_mean": 6.5124871875861015,
  "ribcage_error_std": 6.2634819075653265,
  "ribcage_inlier_rmse": 3.549415206333334,
  "ribcage_inlier_mean": 2.963273861967855,
  "ribcage_inlier_std": 1.9538056008539892,
  "sternum_error": 0.0
}